,MAE,RMSE,R2
ridge,0.029236918376300013,0.03950682189864592,-0.05058714531483277
rf,0.030678199982563447,0.0412892698166934,-0.1606463301600855
